{"stats":{"minecraft:custom":{"minecraft:jump":161,"minecraft:time_since_rest":16744,"minecraft:leave_game":1,"minecraft:damage_dealt":5019,"minecraft:sprint_one_cm":12905,"minecraft:play_time":16744,"minecraft:damage_taken":70,"minecraft:time_since_death":16744,"minecraft:walk_one_cm":5329,"minecraft:total_world_time":16744,"minecraft:mob_kills":1,"minecraft:fall_one_cm":3110,"minecraft:fly_one_cm":85661},"minecraft:picked_up":{"minecraft:sculk_catalyst":1,"minecraft:dirt":1,"minecraft:birch_log":5},"minecraft:mined":{"minecraft:birch_log":5,"minecraft:grass":2,"minecraft:grass_block":1,"minecraft:oak_leaves":1},"minecraft:killed":{"minecraft:warden":1},"minecraft:used":{"minecraft:netherite_sword":50,"minecraft:dirt":1,"minecraft:warden_spawn_egg":1}},"DataVersion":3120}