{
  "minecraft:recipes/misc/charcoal": {
    "criteria": {
      "has_log": "2024-06-10 05:00:52 +0000"
    },
    "done": true
  },
  "minecraft:recipes/building_blocks/birch_wood": {
    "criteria": {
      "has_log": "2024-06-10 05:00:52 +0000"
    },
    "done": true
  },
  "minecraft:adventure/root": {
    "criteria": {
      "killed_something": "2024-06-10 05:12:45 +0000"
    },
    "done": true
  },
  "minecraft:adventure/adventuring_time": {
    "criteria": {
      "minecraft:forest": "2024-06-10 04:59:12 +0000",
      "minecraft:plains": "2024-06-10 05:07:21 +0000"
    },
    "done": false
  },
  "minecraft:recipes/building_blocks/birch_planks": {
    "criteria": {
      "has_logs": "2024-06-10 05:00:52 +0000"
    },
    "done": true
  },
  "DataVersion": 3120
}